umls_cui,kg_disease_id
C0588233,
C0042023,
C1960643,
C0040921,MONDO_0002154
C2919522,
C0034686,MONDO_0006941
C0005697,
C1318973,MONDO_0005545
C0018801,MONDO_0005252
C0393664,
C0267509,
C0038436,MONDO_0005146
C2711180,
C0023479,MONDO_0018871
C0342753,MONDO_0018485
C0456107,
C0006309,MONDO_0005683
C0242429,
C0162568,MONDO_0001676
C0343192,
C1621958,
C0014179,MONDO_0000918
C0001622,MONDO_0006640
C0021141,MONDO_0006802
C3875321,MONDO_0002406
C0008350,MONDO_0012672
C1562430,
C0006266,
C0221392,
C0701163,
C0007102,MONDO_0021063
C0085649,
C0878773,MONDO_0006624
C0011608,MONDO_0015614
C5686210,
C0038220,
C0038363,MONDO_0004845
C0749424,MONDO_0011836
C0034069,MONDO_0002771
C0276180,MONDO_0002594
C0030568,MONDO_0001945
C1527407,MONDO_0005749
C0024449,MONDO_0016823
C0085606,
C0029396,
C0020683,
C2063075,
C0546981,
C0347001,
C0025294,MONDO_0018059
C0021931,
C0740447,
C0231403,
C0153225,
C1112486,MONDO_0020333
C1960764,
C3163939,
C0031572,MONDO_0001247
C0150045,
C0004096,MONDO_0004979
C0339507,
C0303920,
C0040127,MONDO_0006996
C0854215,MONDO_0041825
C0041648,
C0020443,
C0156393,
C0027424,
C0274726,
C3150773,MONDO_0013296
C0162565,MONDO_0008294
C0018834,
C0042109,MONDO_0005492
C0276226,MONDO_0012521
C0203110,
C0687148,
C0024305,MONDO_0018908
C0029443,MONDO_0005246
C0268490,MONDO_0010161
C0001126,MONDO_0001909
C0276500,
C4551529,
C2733595,
C0020473,MONDO_0021187
C0854467,
C0153256,
C0860594,
C0206698,MONDO_0019087
C0021390,MONDO_0005265
C0006444,MONDO_0002471
C0020542,MONDO_0005149
C0029442,MONDO_0001068
C0029967,
C0040185,
C0948089,MONDO_0005542
C0520777,
C0342881,MONDO_0018328
C0020550,MONDO_0004425
C0042571,
C0035235,MONDO_0001577
C0039520,MONDO_0004855
C0019917,MONDO_0005800
C0856695,
C0020514,MONDO_0005804
C0005699,MONDO_0006115
C0031099,MONDO_0005076
C0034886,
C0022081,MONDO_0006814
C0008325,MONDO_0002155
C0002880,MONDO_0020108
C0238463,MONDO_0005075
C0238080,
C0343402,
C0039128,MONDO_0005976
C0342827,
C0152030,
C0036472,MONDO_0019365
C0855095,
C0271152,
C0041351,MONDO_0018077
C0043144,
C3160898,
C0010930,MONDO_0004926
C0579142,
C0005741,MONDO_0004785
C0155866,MONDO_0016595
C0025306,MONDO_0042972
C0033581,MONDO_0005280
C0917799,MONDO_0005466
C0271932,
C0043352,
C0220636,MONDO_0004669
C0392190,
C2937225,MONDO_0020699
C1328504,MONDO_0850353
C0004943,MONDO_0007191
C0032305,
C1261256,
C0026393,MONDO_0005855
C0002390,MONDO_0017853
C0038166,
C0002438,MONDO_0005644
C0041909,
C0730607,
C0404328,
C0032533,MONDO_0019735
C0043250,
C0026948,MONDO_0009691
C1998329,
C0573789,
C0032617,
C0686068,
C0393735,MONDO_0021146
C1274470,
C0034155,MONDO_0018896
C0008533,MONDO_0010604
C0242855,
C0271623,MONDO_0018555
C0040517,MONDO_0007661
C1260917,
C1562543,
C0003962,
C0001206,MONDO_0019933
C2349530,
C1531702,
C0007129,MONDO_0019210
C0264515,
C0036830,MONDO_0043789
C0008149,
C0023487,MONDO_0012883
C0349543,MONDO_0002501
C3661921,
C2887096,
C1384606,
C0178299,
C0338908,MONDO_0041086
C0031350,MONDO_0002258
C0458053,
C3163829,
C0041466,MONDO_0005619
C0153467,MONDO_0002087
C0021603,MONDO_0024376
C0006118,MONDO_0021211
C0023449,MONDO_0004967
C0684256,
C0032460,MONDO_0008487
C0198813,
C0007134,MONDO_0005086
C0275982,
C2937222,
C0419527,
C0342751,
C0152945,MONDO_0001701
C0001815,MONDO_0009692
C5203670,MONDO_0100096
C0206141,MONDO_0011895
C0268542,MONDO_0010703
C1275126,MONDO_0007727
C0282193,
C3839956,
C0023886,
C0555198,MONDO_0100342
C0038325,MONDO_0018229
C0085612,
C1142085,
C0153216,MONDO_0041903
C0033845,MONDO_0009468
C0345904,MONDO_0002691
C0019112,MONDO_0004872
C0043117,
C1997322,
C0581377,
C0339317,MONDO_0017634
C0268312,MONDO_0015762
C0276754,
C0024591,MONDO_0018493
C0343055,MONDO_0100491
C0269398,
C1328252,MONDO_0005859
C0010543,
C0936215,
C0342985,
C0278701,MONDO_0005036
C0019342,MONDO_0005770
C0275804,
C0600041,
C0271093,MONDO_0019353
C0007137,MONDO_0005096
C0035597,MONDO_0019360
C0015333,
C0042875,
C0023480,MONDO_0020311
C0006105,
C0009773,MONDO_0002313
C1282500,MONDO_0041448
C0220756,MONDO_0018982
C0334579,MONDO_0016684
C4542821,
C0700589,
C0033300,MONDO_0008310
C1272017,
C0028242,MONDO_0017776
C0007780,
C0877445,MONDO_0044070
C0334296,
C0178416,
C0149911,MONDO_0043455
C3665605,
C0279626,MONDO_0005580
C0002892,MONDO_0008228
C0275652,
C0014877,MONDO_0004896
C0494475,
C1260915,MONDO_0040923
C2316460,
C0026718,
C0085436,MONDO_0005723
C0006849,MONDO_0005886
C1692317,
C1955629,MONDO_0027029
C1318955,
C0235238,MONDO_0005555
C0275566,
C0269050,MONDO_0042451
C0030920,MONDO_0004247
C5191640,
C1277289,
C0010232,MONDO_0005720
C0027498,
C0272199,MONDO_0015541
C0004031,
C0238397,
C0577710,
C0020626,MONDO_0001220
C0276026,
C0349506,MONDO_0005434
C0020625,
C0241961,MONDO_0004555
C0007112,MONDO_0005082
C0577708,
C1960396,
C0153290,
C0009324,MONDO_0005101
C0151686,
C0011860,MONDO_0005148
C0409818,MONDO_0011776
C0542269,
C0149516,MONDO_0006031
C0079774,MONDO_0019476
C0029882,MONDO_0005441
C0041912,
C0004771,MONDO_0005664
C0009769,MONDO_0002308
C0155860,
C0012739,MONDO_0001243
C0019212,MONDO_0001382
C0040553,MONDO_0005988
C0040954,
C0520577,
C0001973,MONDO_0007079
C0275794,
C0339933,
C2316212,MONDO_0016168
C0008307,
C0235480,MONDO_1030011
C2711256,
C0029401,MONDO_0005382
C0023443,MONDO_0018935
C0153252,MONDO_0042233
C0008582,MONDO_0015908
C0037036,
C0152936,MONDO_0005956
C0024138,
C0849907,
C0013882,MONDO_0005424
C4545381,MONDO_0015689
C0232058,
C0153196,MONDO_0004264
C0155626,MONDO_0004781
C0007347,
C0008526,MONDO_0001280
C0011615,MONDO_0004980
C0041976,MONDO_0005297
C1692886,MONDO_0004471
C0948896,
C0037769,MONDO_0018097
C0220987,MONDO_0009797
C0024031,
C0349774,
C0158996,MONDO_0001239
C0085580,MONDO_0001134
C0040053,MONDO_0000831
C0085681,MONDO_0000328
C0018081,MONDO_0004277
C0152020,MONDO_0006769
C0017168,MONDO_0007186
C0581392,
C0038395,MONDO_0021680
C0011991,
C0012734,MONDO_0800106
C1532338,
C0242422,MONDO_0021095
C0276075,MONDO_0040732
C0026896,MONDO_0009688
C0812413,MONDO_0005112
C0019243,MONDO_0019623
C0153227,
C0015503,MONDO_0002244
C0022548,MONDO_0005348
C0003850,MONDO_0002277
C0524910,
C1541923,MONDO_0000565
C3495559,MONDO_0011429
C0151467,MONDO_0019801
C1720505,
C0153188,MONDO_0004497
C0270327,MONDO_0000022
C0041234,MONDO_0001444
C0031069,MONDO_0018088
C0023860,MONDO_0005828
C0036262,MONDO_0004525
C0023281,MONDO_0011989
C0158266,MONDO_0011385
C3854116,
C0162533,MONDO_0002520
C0220989,MONDO_0012104
C0018190,MONDO_0005777
C0024141,MONDO_0007915
C1704436,MONDO_0005386
C0346993,
C0014869,MONDO_0006896
C3698411,
C0040560,MONDO_0005715
C0152946,
C0155880,MONDO_0004765
C1704431,
C0276077,
C0267390,MONDO_0007005
C0339170,
C0338437,
C0001264,MONDO_0005699
C0025289,MONDO_0021108
C0027873,MONDO_0019100
C0412293,
C0043208,MONDO_0019148
C3163899,
C0270846,
C4521004,MONDO_0018456
C0340354,
C0020594,MONDO_0001821
C0086227,MONDO_0005746
C0024117,MONDO_0005002
C0376358,MONDO_0008315
C0149615,
C0041341,MONDO_0001734
C0026998,MONDO_0005224
C0006848,
C0577690,
C4518436,
C0006057,MONDO_0005498
C0028734,
C0263313,MONDO_0019324
C0035335,MONDO_0008380
C0276064,
C0036992,MONDO_0015183
C0042842,MONDO_0007016
C1800706,MONDO_0800504
C0235063,
C3838845,
C0677607,MONDO_0007699
C1276801,MONDO_0006752
C0152965,
C4302554,
C0037195,
C0023786,MONDO_0001586
C0035439,MONDO_0006955
C0014733,MONDO_0001266
C0003492,MONDO_0007345
C1720538,
C0700359,
C0154640,
C0024790,MONDO_0100244
C0700345,MONDO_0006014
C0039239,
C0022972,MONDO_0018556
C0334621,
C0007820,MONDO_0011057
C0276688,
C0021092,
C0221023,MONDO_0008090
C0028840,MONDO_0006875
C4721209,
C0746883,
C0400877,
C0029291,MONDO_0005888
C0346619,MONDO_0850129
C0023381,MONDO_0009519
C0730274,
C0040028,MONDO_0005029
C1541061,
C0234974,
C0040259,MONDO_0005984
C0202691,
C0423806,
C0039133,MONDO_0005822
C0854328,MONDO_0024389
C0010043,MONDO_0004577
C0033775,
C0276648,MONDO_0042433
C0392164,
C0267436,MONDO_0045030
C0206245,MONDO_0007100
C1962945,
C0037383,
C0005138,
C0221013,MONDO_0016586
C0014553,
C0035412,MONDO_0005212
C4038730,
C0151721,MONDO_0009421
C0238452,
C0524909,MONDO_0005366
C0272373,
C0013390,MONDO_1060205
C1827301,MONDO_0100482
C0338873,
C0343401,MONDO_0100073
C0917796,MONDO_0010788
C0280324,MONDO_0005595
C0030848,MONDO_0008231
C0035468,MONDO_0005945
C5438408,
C1997351,
C0027708,MONDO_0006058
C0023885,
C1868889,
C0025319,
C1960397,
C0033975,MONDO_0005485
C0275842,MONDO_0040922
C0002874,MONDO_0015909
C0686347,MONDO_0010096
C0003950,MONDO_0005654
C0751339,
C0085682,MONDO_0000313
C0020474,MONDO_0007759
C1561828,
C0035220,MONDO_0100077
C0002963,MONDO_0006021
C0149526,MONDO_0006526
C1960644,
C0023241,MONDO_0005824
C0023817,MONDO_0009387
C0079744,MONDO_0018905
C0008354,MONDO_0015766
C0002440,
C0033893,
C2711653,
C0016412,
C0030319,MONDO_0005383
C0276725,MONDO_0042484
C4708071,
C1997728,
C0004352,MONDO_0005260
C0026769,MONDO_0005301
C0270838,
C3161650,
C0021342,
C0025293,MONDO_0006836
C1274988,
C0023461,MONDO_0020334
C0202986,
C0030528,MONDO_0018626
C0020615,MONDO_0004946
C0854802,
C0751964,MONDO_0000451
C0003177,MONDO_0004215
C2931187,MONDO_0100151
C0392171,
C0334633,MONDO_0000432
C0751965,MONDO_0000450
C0236780,
C0005587,MONDO_0024613
C0729587,
C0271083,MONDO_0100114
C0275979,MONDO_0040728
C0008312,MONDO_0005388
C0035344,MONDO_0006952
C0017609,MONDO_0019783
C0520775,
C0747102,
C0342826,
C0086651,MONDO_0009659
C0018621,MONDO_0005324
C0023283,MONDO_0005446
C0005716,MONDO_0005672
C0004604,
C0271606,
C0002994,MONDO_0010481
C0027145,MONDO_0009718
C0008049,MONDO_0005700
C0242362,
C1274355,
C5688196,
C0341823,MONDO_0002229
C0013238,MONDO_0006733
C1274323,
C0002965,MONDO_0006805
C0276535,
C0028326,MONDO_0018997
C0024286,MONDO_0005834
C0206247,
C0006060,MONDO_0024472
C0035793,MONDO_0019359
C0235267,
C0014121,MONDO_0006669
C0472713,
C2887097,
C0406486,
C1275687,
C0546837,MONDO_0007576
C0342907,MONDO_0008863
C0268381,MONDO_0019438
C0014347,
C0041321,MONDO_0005848
C0149966,
C0152253,
C3203547,
C0271578,
C0002888,MONDO_0001700
C0349464,MONDO_0010198
C0554628,
C0029076,MONDO_0004854
C0037299,
C4087506,
C0238217,
C1318559,
C0039240,
C0027773,
C0034186,MONDO_0006939
C0040034,MONDO_0002049
C0155862,MONDO_0005972
C0740394,
C1561643,MONDO_0005300
C1272826,
C0549398,
C0024623,MONDO_0001056
C0275550,
C0334663,MONDO_0019479
C0343065,
C0007847,
C0949083,
C0917798,MONDO_0005299
C0003515,
C0242739,
C0268634,MONDO_0037858
C1278807,
C5394854,
C0024748,MONDO_0009561
C0267176,
C0020557,
C0002171,MONDO_0005340
C0003615,MONDO_0005649
C1260880,
C0024588,MONDO_0001133
C3890205,MONDO_0019432
C0042029,MONDO_0100338
C5190725,
C0035372,MONDO_0010726
C3543433,
C0729586,
C0042847,MONDO_0020696
C0243002,MONDO_0011514
C2584877,
C0341950,MONDO_0001641
C0034013,MONDO_0000088
C0017574,MONDO_0002508
C0013369,MONDO_0001517
C2316304,
C0151482,MONDO_0001860
C0010691,MONDO_0009067
C0403643,
C0199008,
C0343386,
C0026603,MONDO_0008015
C0079773,MONDO_0015758
C0002962,
C2721580,
C1306632,
C0027819,MONDO_0005072
C0038463,MONDO_0005974
C0025218,
C0038160,MONDO_0024313
C0238461,MONDO_0006468
C0042024,
C0024586,MONDO_0100347
C0023473,
C0002928,
C0741292,
C0035460,MONDO_0006004
C0035457,MONDO_0024332
C0155804,MONDO_0002186
C0278140,
C3840002,
C4707060,
C2239176,MONDO_0007256
C0036117,MONDO_0000827
C0404585,
C0027927,MONDO_0004944
C0023440,MONDO_0017858
C0430471,
C0011881,MONDO_0005016
C0153195,MONDO_0001080
C0005283,MONDO_0019402
C0272322,MONDO_0015719
C0343861,
C0238298,MONDO_1010100
C0152068,MONDO_0044346
C4708167,
C4302369,
C0006181,MONDO_0005680
C0006114,MONDO_0006684
C0010417,MONDO_0009047
C0152973,
C4528668,
C0277528,
C0497327,MONDO_0001627
C0206062,
C0003868,
C5394779,
C0040558,MONDO_0005989
C0002066,MONDO_0008753
C1301363,MONDO_0019467
C0002170,MONDO_0004907
C0022577,MONDO_0019085
C0026986,
C0011606,MONDO_0043233
C0026838,
C2267231,
C0242350,MONDO_0005362
C0026836,
C1135868,MONDO_0018944
C0017531,MONDO_0015564
C0023434,MONDO_0004948
C0343730,
C0276089,
C0340968,MONDO_0009950
C1271701,
C0031036,MONDO_0019170
C0231528,
C0585966,
C0553580,MONDO_0012817
C0020461,
C2349994,MONDO_0000242
C0007115,MONDO_0002108
C0029106,MONDO_0005884
C0020709,
C0241910,
C1720135,
C0349790,MONDO_0850283
C1563054,
C0016053,MONDO_0005546
C0013516,
C0275761,
C1719939,
C5192106,
C0268164,MONDO_0009823
C0019880,MONDO_0004737
C0014488,MONDO_0001875
C2267227,MONDO_0005452
C0019655,MONDO_0018312
C0038358,MONDO_0001126
C0412842,
C0009768,MONDO_0006668
C0017205,MONDO_0018150
C0456103,MONDO_0700217
C0162352,
C3163805,
C0001957,MONDO_0006642
C2973725,MONDO_0015924
C0009088,MONDO_0043537
C0028768,MONDO_0008114
C1112209,
C0855112,MONDO_0000901
C0027404,MONDO_0021107
C0553656,
C0032797,
C1142423,
C0030446,MONDO_0004568
C0008513,MONDO_0004674
C1140680,MONDO_0008170
C0600040,
C0153425,MONDO_0000956
C0041472,MONDO_0000330
C0158371,
C1273489,MONDO_0956979
C0032743,
C0153027,
C0035021,MONDO_0019633
C0476089,MONDO_0002447
C0854211,
C0203713,
C0205944,MONDO_0017387
C0580183,
C0242383,MONDO_0005150
C3805232,
C0338480,MONDO_0100431
C0271429,
C0023052,
C0862889,
C0338395,MONDO_0006753
C4708088,
C0022104,MONDO_0005052
C0026961,
C0282687,MONDO_0005737
C0030807,MONDO_0006594
C0019147,MONDO_0001548
C0014544,MONDO_0005027
C0036421,MONDO_0005100
C0157749,
C0085404,MONDO_0017364
C0564750,
C0524688,MONDO_0001024
C0036341,MONDO_0005090
C0558595,
C0023290,MONDO_0005445
C0008311,MONDO_0004789
C0596170,MONDO_0005582
C0010200,
C0006434,
C0151636,
C0039103,MONDO_0002400
C0021400,MONDO_0005812
C0009766,MONDO_0005642
C0004153,MONDO_0005311
C0263353,MONDO_0026045
C0264716,
C5567802,
C0204837,
C0021355,
C0221406,MONDO_0009050
C1623040,
C0029408,MONDO_0005178
C2349261,
C1274228,
C0014742,MONDO_0006545
C0917801,MONDO_0013600
C0268407,
C0241310,
C0346161,MONDO_0018364
C0040460,
C0026847,MONDO_0001516
C0152486,
C0349636,MONDO_0020511
C0024143,MONDO_0005556
C0742964,
C1260899,MONDO_0015253
C0948204,
C1701940,
C0011854,MONDO_0005147
C0412850,
C1960340,
C0085166,MONDO_0005316
C0010192,
C0339296,MONDO_0015290
C0401160,
C0264115,MONDO_0024650
C0278139,
C0010674,MONDO_0009061
C0023269,MONDO_0005058
C0018790,MONDO_0000745
C0153633,MONDO_0001657
C1959799,
C0395818,MONDO_0041095
C0270425,
C0581126,
C0276653,
C0268384,MONDO_0100552
C0276027,
C1444843,
C0005424,
C0007138,MONDO_0006474
C0346976,
C0033860,MONDO_0005083
C0022602,MONDO_0005173
C0007222,MONDO_0004995
C0026946,MONDO_0002041
C0036220,MONDO_0005055
C0033777,
C0349734,
C0348868,
C0030759,MONDO_0001794
C0027051,MONDO_0005068
C0600142,
C1112709,
C0281361,MONDO_0006047
C0024419,MONDO_0100280
C0343337,
C0029151,
C0040261,MONDO_0001628
C1260911,MONDO_0040998
C0155440,MONDO_0001964
C1562029,
C1960675,
C0262399,
C0259787,
C0037199,MONDO_0005961
C0149948,MONDO_0001051
C1960398,MONDO_0006244
C0264714,
C0004626,MONDO_0004652
C0023474,
C3495801,MONDO_0012105
C0022729,
C0221765,
C1320547,
C3539878,
C2957169,
C0349009,
C0238462,MONDO_0015277
C0155919,
C0013370,MONDO_0024275
C0267919,
C0004364,MONDO_0007179
C0347950,
C1831743,
C0238122,MONDO_0006206
C0342313,
C0158981,MONDO_0016391
C0002351,MONDO_0006625
C0019360,MONDO_0005609
C0024537,MONDO_0005921
C0153254,
C0239295,MONDO_0001648
C0032290,MONDO_0000265
C0026764,MONDO_0009693
C0019562,MONDO_0008667
C0015371,
C0004238,MONDO_0004981
C0085438,MONDO_0006764
C1262117,MONDO_0033821
C0024214,MONDO_0006840
C0155749,
C0040262,MONDO_0005915
C4275067,MONDO_0019441
C5419539,
C0276587,
C0346421,MONDO_0015687
C0238111,MONDO_0016532
C0341558,
C0684339,
C0025295,MONDO_0006913
C0019348,MONDO_0004609
C4725091,
C0035579,MONDO_0005520
C0027022,
C0751434,MONDO_0019259
C0346647,MONDO_0009831
C0040896,MONDO_0019444
C0014836,MONDO_0020920
C0149922,
C3494187,
C0275556,
C3888500,
C0024536,MONDO_0001943
C2960008,
C0002726,MONDO_0019065
C0022570,
C0867389,MONDO_0020547
C0006840,MONDO_0002026
C4509816,MONDO_0056806
C0752347,MONDO_0007488
C0015230,MONDO_0006547
C0033578,MONDO_0021259
C0393760,
C1290159,MONDO_0040698
C0034606,
C1699099,
C0017601,MONDO_0005041
C0348898,
C0032019,MONDO_0017611
C1960925,
C0027831,MONDO_0018975
C0005684,MONDO_0001187
C1304306,
C0010692,MONDO_0006032
C0037274,MONDO_0005093
C0206178,MONDO_0000878
C0042164,MONDO_0020283
C3697063,
C0020649,MONDO_0005468
C4303663,
C0729524,MONDO_0005247
C0031511,MONDO_0008233
C0263283,
C0010414,MONDO_0005724
C0271066,
C0019345,MONDO_0043653
C0022340,MONDO_0015674
C5244027,
C0487602,
C0014549,MONDO_0005754
C0339932,
C0149704,
C0030805,MONDO_0019082
C0004239,MONDO_0005310
C1720498,
C0038454,MONDO_0005098
C0042133,MONDO_0007886
C0038013,MONDO_0005306
C0206682,MONDO_0005034
C0232849,
C0272293,
C0020445,MONDO_0005439
C0520575,MONDO_0003529
C0026709,MONDO_0009661
C0037354,MONDO_0004651
C0338396,
C0149931,MONDO_0005277
C0751362,MONDO_0016158
C1303258,
C0040250,
C0085413,MONDO_0004691
C2887088,
C0023827,MONDO_0005060
C0009770,MONDO_0005808
C0151940,
C1739363,
C0024198,MONDO_0019632
C0013274,MONDO_0011827
C0013371,MONDO_0019345
C0029077,MONDO_0019198
C0040038,
C0346974,MONDO_0041447
C0154723,MONDO_0005475
C0030246,MONDO_0015597
C0016436,MONDO_0006552
C0022568,MONDO_0003085
C0203827,
C0017575,MONDO_0006865
C0151714,
C0424620,
C1698510,
C0029458,MONDO_0008159
C0011884,MONDO_0005266
C1299579,
C0412366,
C0268124,
C0520909,
C0235950,
C0149985,MONDO_0002897
C0036271,MONDO_0006605
C0410065,
C0022662,
C0038525,MONDO_0005099
C0002453,MONDO_0001836
C0079731,MONDO_0004095
C0020503,MONDO_0006964
C0524662,MONDO_0005530
C0242459,
C0004945,MONDO_0001714
C0750952,MONDO_0003060
C0853193,MONDO_0001866
C1271100,
C0029104,
C0043167,MONDO_0005077
C0345905,MONDO_0003210
C0007767,
C0024530,MONDO_0005136
C0276088,
C0035585,MONDO_0006956
C0042900,MONDO_0008661
C1292758,MONDO_0044917
C0423234,
C0042963,
C0751436,MONDO_0016543
C1263846,MONDO_0007743
C0341503,MONDO_0005195
C1274469,
C1283620,MONDO_0009114
C0238425,
C0011581,MONDO_0002050
C0342938,
C0406526,
C0393772,
C0271561,
C0000810,
C1512628,
C0019156,MONDO_0019514
C0151874,
C0276758,MONDO_0016426
C0002395,MONDO_0004975
C0028754,MONDO_0011122
C0006846,MONDO_0000879
C0009806,MONDO_0002203
C1333064,
C4048747,
C0276755,
C0342731,MONDO_0017708
C0027430,MONDO_0006314
C0022573,MONDO_0004768
C0220994,
C0013428,
C0472699,
C0039483,
C0341106,MONDO_0005361
C0028043,MONDO_0008575
C0029456,MONDO_0005298
C0085394,
C0155877,MONDO_0004784
C4544791,
C1456792,
C1960924,
C0030578,MONDO_0005898
C2939459,
C0017605,MONDO_0001744
C0009378,
C0237963,
C0275793,
C0042345,MONDO_0008638
C0282402,
C0016034,MONDO_0005219
C3697010,
C0343467,
C4721414,MONDO_0018876
C0012546,MONDO_0005504
C0032961,
C0035258,MONDO_0005391
C0276228,
C0019693,MONDO_0005109
C0275959,
C0025323,
C0024221,MONDO_0002013
C0162316,MONDO_0001356
C0001207,
C0023467,MONDO_0018874
C0013295,MONDO_0005412
C0032285,MONDO_0005249
C1562585,MONDO_0041751
C0031946,MONDO_0000979
C2981142,
C0040399,
C0344106,
C0036980,MONDO_0800175
C0271693,MONDO_0019193
C0027796,MONDO_0021667
C0014527,MONDO_0006541
C0343886,
C0011644,MONDO_0019340
C0520676,MONDO_1010182
C0085652,MONDO_0018824
C0543822,
C0030783,MONDO_0019975
C0018022,MONDO_0006742
C0232940,MONDO_1060209
C0150055,
C0021099,MONDO_0004592
C0032897,MONDO_0008300
C3714976,MONDO_0014222
C0311375,
C0751967,MONDO_0005314
C0751753,
C0014550,MONDO_0100577
C0152964,
C0005683,MONDO_0006678
C0948008,MONDO_1060198
C0347176,
C0041318,MONDO_0006042
C0877543,
C3203356,
C5394780,
C0022876,
C1320183,
C0191342,
C0400918,
C0349719,
C1997614,
C0002895,MONDO_0011382
C0038437,MONDO_0004160
C0001261,MONDO_0005631
C1274557,
C0042165,MONDO_0006651
C0278987,
C0040252,MONDO_0001461
C0006142,MONDO_0007254
C0030590,
C0024301,MONDO_0018906
C1828079,
C0398775,
C0040592,MONDO_0001249
C3805233,
C0035086,MONDO_0006946
C0334634,
C0585362,MONDO_0004958
C0010823,MONDO_0005132
C0156543,MONDO_0041526
C0043096,
C0345468,
C0042510,MONDO_0000190
C0033038,MONDO_0001780
C0473527,
C0748052,
C1960580,
C0276085,
C0027726,MONDO_0005377
C0024485,
C4025272,
C0017612,MONDO_0005338
C0040147,MONDO_0004126
C4518725,
C4040491,
C0003873,MONDO_0008383
C0001627,MONDO_0018479
C0085132,MONDO_0009662
C1273957,
C0041327,MONDO_0006052
C0151907,
C0271084,
C0221154,
C1444173,
C0009663,
C1384600,
C0342882,
C0040015,MONDO_0100326
C0570328,
C0272286,MONDO_0002048
C0870082,
C0014358,
C0426639,
C0154639,MONDO_0001316
C0032463,MONDO_0009891
C5203125,
C0027497,
C0261486,
C0041343,
C0472476,
C3872606,
C0027662,MONDO_0017169
C0243001,
C0011633,MONDO_0016367
C0600177,
C2363973,
C0035455,MONDO_0003014
C0358514,
C0029878,MONDO_0004795
C0520767,
C0030809,MONDO_0008219
C0002915,
C0013395,MONDO_0002268
C0007947,MONDO_0001797
C4721444,
C0016719,MONDO_0100339
C0020428,MONDO_0003009
C3536984,
C0007194,MONDO_0005045
C0032302,MONDO_0005867
C0039841,
C0678222,MONDO_0004989
C0149893,
C0026987,MONDO_0044903
C0002986,MONDO_0010526
C0024110,MONDO_0000744
C0203668,
C0275966,
C0275665,
C0154731,MONDO_0016372
C0272325,MONDO_0035735
C0149925,MONDO_0008433
C0259799,
C0546999,MONDO_0018500
C0162627,
C2215257,
C0039614,MONDO_0005526
C0001080,MONDO_0007037
C0085437,MONDO_0006670
C0030636,MONDO_0005901
C0268243,MONDO_0011871
C0235952,
C0003175,MONDO_0005119
C2349276,
C1275317,
C0007117,MONDO_0020804
C0020676,MONDO_0005420
C0042998,MONDO_0007019
C0013338,MONDO_0006909
C0014547,MONDO_0005384
C0339498,MONDO_0041093
C3714758,MONDO_0019436
C0003872,MONDO_0011849
C0031190,MONDO_0022430
C0003862,
C0018133,MONDO_0013730
C0036285,MONDO_0005952
C0080274,
C0021361,MONDO_0021124
C0406326,
C0339968,
C3662038,
C0030758,MONDO_0003482
C0421162,
C1282509,
C2959527,
C0015967,
C0039685,MONDO_0008542
C0191569,
C1532514,
C0342527,
C0079159,
C1510471,MONDO_0024298
C0001139,MONDO_0006635
C1321482,
C0018916,MONDO_0006500
C0016867,MONDO_0100595
C1288351,
C0856825,MONDO_0020546
C1704231,MONDO_0700219
C0272230,
C0036323,MONDO_0015254
C0149871,
C0033246,MONDO_0005538
C0175683,MONDO_0015991
C0524702,
C1761609,MONDO_0002572
C0013595,
C0156677,
C0730285,MONDO_0004728
C1960639,
C0948245,MONDO_0600008
C0085280,MONDO_0007318
C0152515,
C0004030,MONDO_0005657
C0019202,MONDO_0010200
C0032269,MONDO_0005114
C0275555,
C0580182,
C002669 ,
C0006267,MONDO_0004822
C0339959,MONDO_0025598
C0155213,MONDO_0001334
C0015397,MONDO_0005328
C0302592,MONDO_0005131
C0009443,MONDO_0005709
C0585442,MONDO_0002629
C0030567,MONDO_0005180
C0002921,
C0022575,MONDO_0000948
C1319317,MONDO_0000536
C0085697,MONDO_0001110
C3537005,
C1827687,
C0686510,
C0004245,MONDO_0000465
C2931788,MONDO_0016244
C0349650,
C0405580,MONDO_0000004
C0006413,MONDO_0007243
C1318543,MONDO_0002522
C0014013,MONDO_0018667
C0043388,MONDO_0006019
C0036337,MONDO_0005487
C0042974,MONDO_0024574
C4544822,
C0036983,
C0085423,MONDO_0021678
C0025874,
C0392618,
C0154246,MONDO_0004739
C0022073,MONDO_0004773
C0020598,
C0349649,MONDO_0006277
C0039131,MONDO_0005714
C1261473,MONDO_0005089
C4543747,
C0019829,MONDO_0009348
C0040425,
C0034065,MONDO_0005279
C0020179,MONDO_0007739
C0423778,
C0013404,
C0334102,
C0041228,MONDO_0005459
C0412694,
C3164390,
C1134719,
C0029001,MONDO_0017137
C0085074,MONDO_0006554
C2347126,MONDO_0019124
C0268242,MONDO_0009756
C0019151,MONDO_0001711
C0153594,MONDO_0005447
C1619727,
C0013264,MONDO_0010679
C0043037,
C2585890,
C0474368,
C4744565,
C0032064,MONDO_0019095
C1306835,
C0011974,
C0153289,
C4750718,MONDO_0010396
C0400968,
C0023465,MONDO_0007896
C0175816,MONDO_0016450
C0008728,MONDO_0015943
C0036130,MONDO_0003619
C0018021,MONDO_0005397
C0001263,
C0023646,MONDO_0006572
C0578870,MONDO_0044212
C1282496,
C0034067,MONDO_0004849
C0032308,MONDO_0005970
C0018671,MONDO_0005586
C1262019,
C4722085,
C0030193,
C0020630,MONDO_0018570
C0040997,MONDO_0008599
C0175167,
C0022735,MONDO_0006823
C0282488,MONDO_0018301
C1632842,
C0036508,MONDO_0006608
C0232495,
C4543165,
C0154301,MONDO_0001198
C0018802,MONDO_0005009
C0003467,MONDO_0011918
C0443072,
C0206728,MONDO_0003304
C0920156,
C0271568,MONDO_0009877
C0238198,MONDO_0011719
C0014752,MONDO_0002885
C0854248,MONDO_0041850
C2585945,
C0007131,MONDO_0005233
C0024299,MONDO_0005062
C4708695,
C1384589,
C0038157,
C0011616,MONDO_0005480
C0013922,
C0010346,MONDO_0005011
C4076057,
C0036202,MONDO_0019338
C0221074,MONDO_0005929
C1263758,
C0020651,MONDO_0005469
C0021775,MONDO_0005295
C0006277,MONDO_0003781
C0153601,MONDO_0001325
C0577709,
C0279543,MONDO_0011996
C0041408,MONDO_0019499
C3888018,MONDO_0017182
C0343532,MONDO_0020544
C1142132,
C1961835,MONDO_0009265
C1827266,
C0002736,MONDO_0004976
C0009186,MONDO_0005706
C0234925,
C0034362,MONDO_0019186
C0349531,
C0278996,MONDO_0005627
C0031154,MONDO_1010128
C0152081,MONDO_0022205
C0700053,
C0423673,
C0153240,MONDO_0040925
C0029438,MONDO_0007414
C0023968,MONDO_0016566
C1857854,MONDO_0012335
C0042870,MONDO_0100471
C0343500,
C0343833,MONDO_0042452
C0151723,MONDO_0018100
C0339293,
C0018099,MONDO_0005393
C0016665,
C0030409,MONDO_0005894
C0020621,
C0038002,
C0949022,MONDO_0006519
C0026705,MONDO_0010674
C0085656,
C0003969,
C0413645,
C0392445,
C0019080,
C2242472,
C0015652,MONDO_0004668
C0035854,MONDO_0006604
C0002831,MONDO_0005645
C0001144,
C0017418,
C3887486,
C0751122,MONDO_0100135
C1265175,
C0085631,
C0020479,MONDO_0018473
C0022671,
C0006852,
C0025202,MONDO_0005105
C0234978,MONDO_0041284
C2936781,MONDO_0008055
C1278797,
C0017536,MONDO_0001103
C0549315,
C4538570,MONDO_0009174
C0162836,MONDO_0006559
C2887091,
C0020459,MONDO_0002177
C0553604,MONDO_0016120
C0149725,
C0221032,MONDO_0006536
C0005743,MONDO_0002307
C0850666,
C0153193,MONDO_0001125
C0270850,MONDO_0005579
C1719906,
C0030785,
C0155264,MONDO_0001509
C0158945,
C0020538,MONDO_0005044
C0238052,MONDO_0008948
C0010032,
C0085159,MONDO_0000694
C1527336,MONDO_0010030
C0030201,
C0149782,MONDO_0005097
C0001403,MONDO_0015129
C0458960,
C0005586,MONDO_0004985
C0030757,MONDO_0003471
C0393764,
C0406317,
C1291564,MONDO_0012084
C2062473,
C0085253,MONDO_0019355
C0155814,MONDO_0041366
C0694549,
C0745138,MONDO_1030007
C0202930,
C0423775,MONDO_0024343
C0034012,
C0020437,MONDO_0001566
C0010418,MONDO_0015474
C0152967,
C0878675,MONDO_0018153
C0032768,MONDO_0041052
C4510691,
C1269683,MONDO_0002009
C0024535,MONDO_0005920
C1274321,
C0002792,
C0269658,MONDO_0001072
C0270549,MONDO_0001942
C0412773,
C0340970,
C1096562,MONDO_0024412
C0010308,MONDO_0018612
C0206525,MONDO_0041806
C0021670,MONDO_0024677
C0270458,
C0011849,MONDO_0005015
C0016037,MONDO_0007606
C0042373,MONDO_0005385
C0278678,
C0042376,
C1961099,MONDO_0004963
C0019357,MONDO_0015288
C0020635,MONDO_0005152
C0752166,MONDO_0015229
C0261439,
C0008677,MONDO_0005607
C0039503,MONDO_0004857
C3875286,
C0023343,MONDO_0005124
C0152072,MONDO_0001601
C0236663,MONDO_0005433
C0520679,MONDO_0007147
C2607914,MONDO_0011786
C0392784,
C2894027,
C0242379,MONDO_0008903
C0043515,MONDO_0019610
C0268119,MONDO_0020480
C0033774,
C0024115,MONDO_0005275
C0013604,
C0519030,MONDO_0030602
C0019069,MONDO_0010602
C0080203,
C4288754,
C0014175,MONDO_0005133
C0085096,MONDO_0005294
C0038003,
C0268108,
C0041473,MONDO_0019362
C0153579,MONDO_0002158
C0030421,MONDO_0000448
C0026857,MONDO_0002081
C1367654,MONDO_0017604
C0206754,MONDO_0019496
C0232335,
C0572583,
C1282512,
C4305467,
C3874358,
C0153685,
C0267055,
C3889038,
C0151908,
C0152499,
